Am I required to notify DMV when I sell or transfer my vehicle to another owner?	Yes. You are required by law to notify DMV within five calendar days from the date you sell or transfer title or interest in and deliver possession of a vehicle to another owner (Vehicle Code Section 5900).       
Can I renew my driver license by Internet if I have a change of address at the same time?	No. A change of address is not accepted as part of the driver license renewal by internet process. This is for your security and protection. If you have a change of address, enter your current address on your renewal notice and renew your driver license by mail.       
Do I need a smog certification? What if I haven't had my vehicle smog checked?	"The registration renewal notice mailed to you by the department will indicate if a smog certification is required. If a smog certification is required and you have not had a smog inspection, you may still pay your registration fees to avoid any late fees. However, you will not receive your new registration or year sticker until the smog information has been received by DMV.
Additional smog information.
 "
Do I need my Renewal Identification Number (RIN) on my renewal notice to renew my drivers license online?	You no longer need the RIN to renew your drivers license online, but you do need to register as a certified user with the DMV to process your renewal       

